1;10;100;2;71;1858;0;0;0;0;48.15;5.31;26.88
1;10;105;2;71;1439;0;0;0;0;48.11;5.31;26.88
1;10;110;2;77;1108;0;42.82;5.31;26.93;48.1;5.31;26.88
1;10;115;0;78;164;0;43.36;5.31;26.93;48.11;5.31;26.88
1;10;120;2;72;1248;0;42.34;5.31;26.93;48.1;5.31;26.88
1;10;80;0;72;162;0;43.53;5.31;26.93;48.12;5.31;26.88
1;10;85;0;72;345;0;42.8;5.31;26.93;48.1;5.31;26.88
1;10;90;2;72;311;0;42.8;5.31;26.93;48.11;5.31;26.88
1;10;95;2;72;1745;0;42.8;5.31;26.93;48.09;5.31;26.88
1;11;100;0;73;217;0;43.77;5.31;26.97;49.09;5.31;26.93
1;11;105;0;74;326;0;43.19;5.31;26.97;49.04;5.31;26.93
1;11;110;0;72;160;0;43.97;5.31;26.97;49.03;5.31;26.93
1;11;115;0;73;372;0;43.67;5.31;26.97;49.03;5.31;26.93
1;11;120;0;72;297;0;42.95;5.31;26.97;49.03;5.31;26.93
1;11;80;2;79;1821;0;42.95;5.31;26.97;49.04;5.31;26.93
1;11;85;2;75;1655;0;42.95;5.31;26.97;49.03;5.31;26.93
1;11;90;2;73;1708;0;42.95;5.31;26.97;49.05;5.31;26.93
1;11;95;2;77;210;0;42.95;5.31;26.97;49.05;5.31;26.93
1;12;100;2;74;1402;0;42.95;5.31;26.97;49.91;5.31;26.93
1;12;105;2;74;1492;0;42.95;5.31;26.97;49.87;5.31;26.93
1;12;110;2;74;1071;0;44.48;5.31;26.97;49.88;5.31;26.93
1;12;115;2;76;1128;0;45.09;5.31;26.97;49.89;5.31;26.93
1;12;120;0;77;198;0;44.31;5.31;26.97;49.88;5.31;26.93
1;12;80;2;73;1525;0;44.31;5.31;26.97;49.9;5.31;26.93
1;12;85;2;74;364;0;44.76;5.31;26.97;49.87;5.31;26.93
1;12;90;0;72;208;0;44.59;5.31;26.97;49.89;5.31;26.93
1;12;95;0;73;285;0;44.55;5.31;26.97;49.87;5.31;26.93
1;13;100;0;75;260;0;45.22;5.31;27.02;50.85;5.31;26.97
1;13;105;0;74;177;0;45.38;5.31;27.02;50.79;5.31;26.97
1;13;110;0;74;177;0;45.55;5.31;27.02;50.78;5.31;26.97
1;13;115;0;75;418;0;45.34;5.31;27.02;50.78;5.31;26.97
1;13;120;0;77;313;0;44.74;5.31;27.02;50.78;5.31;26.97
1;13;80;2;72;1154;0;45.97;5.31;27.02;50.81;5.31;26.97
1;13;85;0;73;283;0;45.21;5.31;27.02;50.8;5.31;26.97
1;13;90;0;73;292;0;45.16;5.31;27.02;50.8;5.31;26.97
1;13;95;0;74;174;0;45.74;5.31;27.02;50.8;5.31;26.97
1;14;100;0;75;169;0;47.43;5.31;27.21;52.67;5.31;27.16
1;14;105;0;76;211;0;46.83;5.31;27.21;52.64;5.31;27.16
1;14;110;0;76;194;0;47.34;5.31;27.21;52.63;5.31;27.16
1;14;115;0;78;632;0;48.02;5.31;27.21;52.63;5.31;27.16
1;14;120;0;79;221;0;46.83;5.31;27.21;52.63;5.31;27.16
1;14;80;0;78;178;0;47.58;5.31;27.21;52.62;5.31;27.16
1;14;85;0;79;209;0;46.93;5.31;27.21;52.63;5.31;27.16
1;14;90;0;78;222;0;47.16;5.31;27.21;52.63;5.31;27.16
1;14;95;0;76;169;0;47.45;5.31;27.21;52.63;5.31;27.16
1;15;100;2;73;1246;0;47.45;5.31;27.21;54.51;5.31;27.11
1;15;105;2;73;657;0;49.66;5.31;27.16;54.46;5.31;27.11
1;15;110;2;74;1072;0;49.37;5.31;27.16;54.45;5.31;27.11
1;15;115;2;73;1347;0;49.37;5.31;27.16;54.45;5.31;27.11
1;15;120;2;74;1548;0;49.37;5.31;27.16;54.45;5.31;27.11
1;15;80;0;73;373;0;49.1;5.31;27.16;54.46;5.31;27.11
1;15;85;0;73;235;0;48.99;5.31;27.16;54.45;5.31;27.11
1;15;90;0;72;175;0;49.26;5.31;27.16;54.45;5.31;27.11
1;15;95;2;74;1502;0;49.26;5.31;27.16;54.47;5.31;27.11
1;16;100;0;72;182;0;50.83;5.31;27.16;56.24;5.31;27.11
1;16;105;0;71;176;0;51.69;5.31;27.16;56.2;5.31;27.11
1;16;110;2;72;1161;0;50.95;5.31;27.16;56.18;5.31;27.11
1;16;115;2;72;959;0;50.43;5.31;27.16;56.18;5.31;27.11
1;16;120;0;75;226;0;51.11;5.31;27.16;56.18;5.31;27.11
1;16;80;2;73;1557;0;51.11;5.31;27.16;56.19;5.31;27.11
1;16;85;2;73;1400;0;51.11;5.31;27.16;56.18;5.31;27.11
1;16;90;2;75;1195;0;50.46;5.31;27.16;56.18;5.31;27.11
1;16;95;2;73;325;0;50.46;5.31;27.16;56.18;5.31;27.11
1;17;100;0;72;171;0;52.59;5.31;27.21;57.28;5.31;27.16
1;17;105;2;72;1355;0;52.59;5.31;27.21;57.24;5.31;27.16
1;17;110;0;73;201;0;51.04;5.31;27.21;57.24;5.31;27.16
1;17;115;0;72;186;0;51.46;5.31;27.21;57.24;5.31;27.16
1;17;120;0;72;174;0;51.4;5.31;27.21;57.24;5.31;27.16
1;17;80;2;72;1532;0;50.73;5.31;27.21;57.27;5.31;27.16
1;17;85;0;73;227;0;51.26;5.31;27.21;57.26;5.31;27.16
1;17;90;0;73;225;0;51.45;5.31;27.21;57.24;5.31;27.16
1;17;95;2;72;1915;0;51.45;5.31;27.21;57.24;5.31;27.16
1;18;100;0;82;328;0;53.22;10.62;27.4;60.3;10.62;27.35
1;18;105;2;78;1830;0;53.22;10.62;27.4;60.24;10.62;27.35
1;18;110;0;77;278;0;54.13;10.62;27.4;60.23;10.62;27.35
1;18;115;0;88;693;0;53.35;10.62;27.4;60.24;10.62;27.35
1;18;120;2;78;1132;0;53.91;10.62;27.4;60.24;10.62;27.35
1;18;80;2;78;1015;0;54;10.62;27.4;60.25;10.62;27.35
1;18;85;0;75;228;0;53.75;10.62;27.4;60.25;10.62;27.35
1;18;90;0;75;508;0;53.14;10.62;27.4;60.25;10.62;27.35
1;18;95;2;75;1080;0;53.75;10.62;27.4;60.24;10.62;27.35
1;19;100;0;83;201;0;55.4;10.62;27.4;61.43;10.62;27.35
1;19;105;0;86;223;0;55.2;10.62;27.4;61.41;10.62;27.35
1;19;110;2;75;1118;0;54.01;10.62;27.4;61.38;10.62;27.35
1;19;115;0;78;286;0;53.97;10.62;27.4;61.39;10.62;27.35
1;19;120;2;82;1440;0;54.31;10.62;27.4;61.38;10.62;27.35
1;19;80;0;76;206;0;54.76;10.62;27.4;61.4;10.62;27.35
1;19;85;2;76;1647;0;54.76;10.62;27.4;61.4;10.62;27.35
1;19;90;2;76;482;0;54.82;10.62;27.4;61.4;10.62;27.35
1;19;95;0;78;195;0;55.62;10.62;27.4;61.39;10.62;27.35
1;20;100;0;77;199;0;56.39;10.62;27.4;62.6;10.62;27.35
1;20;105;0;75;200;0;55.64;10.62;27.4;62.55;10.62;27.35
1;20;110;0;75;198;0;57.13;10.62;27.4;62.56;10.62;27.35
1;20;115;2;76;1626;0;57.13;10.62;27.4;62.56;10.62;27.35
1;20;120;0;75;210;0;55.83;10.62;27.4;62.56;10.62;27.35
1;20;80;0;76;206;0;55.56;10.62;27.4;62.57;10.62;27.35
1;20;85;0;77;192;0;56.67;10.62;27.4;62.56;10.62;27.35
1;20;90;0;79;227;0;55.82;10.62;27.4;62.54;10.62;27.35
1;20;95;0;78;200;0;56.36;10.62;27.4;62.55;10.62;27.35
1;21;105;2;75;1715;0;56.36;10.62;27.4;63.68;10.62;27.3
1;21;110;2;76;1775;0;56.36;10.62;27.4;63.67;10.62;27.3
1;21;115;0;75;199;0;56.86;10.62;27.35;63.67;10.62;27.3
1;21;120;2;80;1365;0;56.86;10.62;27.35;63.67;10.62;27.3
1;21;85;0;78;206;0;56.46;10.62;27.35;63.69;10.62;27.3
1;21;90;0;80;314;0;57.24;10.62;27.35;63.67;10.62;27.3
1;21;95;0;80;278;0;57.35;10.62;27.35;63.69;10.62;27.3
1;22;100;2;75;1400;0;57.67;10.62;27.35;64.92;10.62;27.3
1;22;105;0;75;197;0;57.9;10.62;27.35;64.86;10.62;27.3
1;22;110;0;75;262;0;58.01;10.62;27.35;64.87;10.62;27.3
1;22;115;0;76;211;0;58.85;10.62;27.35;64.87;10.62;27.3
1;22;120;2;74;1191;0;58.85;10.62;27.35;64.87;10.62;27.3
1;22;80;2;76;1183;0;58.85;10.62;27.35;64.88;10.62;27.3
1;22;85;0;80;325;0;58.89;10.62;27.35;64.86;10.62;27.3
1;22;90;0;78;397;0;58.08;10.62;27.35;64.86;10.62;27.3
1;22;95;0;75;580;0;57.47;10.62;27.35;64.86;10.62;27.3
1;23;100;0;78;429;0;58.74;10.62;27.4;66.06;10.62;27.35
1;23;105;2;77;373;0;58.58;10.62;27.4;66.02;10.62;27.35
1;23;110;0;76;247;0;58.24;10.62;27.4;66.02;10.62;27.35
1;23;115;0;76;223;0;58.8;10.62;27.4;66.02;10.62;27.35
1;23;120;0;77;204;0;59.3;10.62;27.4;66.02;10.62;27.35
1;23;85;0;76;194;0;59.61;10.62;27.4;66.02;10.62;27.35
1;23;90;0;76;197;0;58.89;10.62;27.4;66.02;10.62;27.35
1;23;95;2;75;1719;0;58.89;10.62;27.4;66.02;10.62;27.35
1;24;100;2;76;446;0;59.1;10.62;27.4;65.99;10.62;27.35
1;24;105;0;74;201;0;58.81;10.62;27.4;65.95;10.62;27.35
1;24;110;0;75;195;0;59.25;10.62;27.4;65.96;10.62;27.35
1;24;115;0;76;225;0;58.61;10.62;27.4;65.96;10.62;27.35
1;24;120;2;75;365;0;58.77;10.62;27.4;65.96;10.62;27.35
1;24;80;0;76;202;0;59.06;10.62;27.4;65.97;10.62;27.35
1;24;85;0;75;226;0;58.1;10.62;27.4;65.95;10.62;27.35
1;24;90;0;75;528;0;58.26;10.62;27.4;65.95;10.62;27.35
1;24;95;0;75;213;0;58.88;10.62;27.4;65.97;10.62;27.35
1;25;100;0;78;224;0;60.73;21.23;27.44;68.8;21.23;27.4
1;25;105;2;80;1186;0;60.54;21.23;27.44;68.76;21.23;27.4
1;25;110;2;80;1528;0;60.54;21.23;27.44;68.75;21.23;27.4
1;25;115;0;78;277;0;60.86;21.23;27.44;68.75;21.23;27.4
1;25;120;2;79;1682;0;60.86;21.23;27.44;68.75;21.23;27.4
1;25;80;2;76;1586;0;60.86;21.23;27.44;68.78;21.23;27.4
1;25;85;0;76;206;0;61.09;21.23;27.44;68.75;21.23;27.4
1;25;90;2;81;65;0;61.09;21.23;27.44;68.75;21.23;27.4
1;25;95;0;81;405;0;60.35;21.23;27.44;68.76;21.23;27.4
1;26;100;2;79;1650;0;60.35;21.23;27.44;69.88;21.23;28.34
1;26;105;2;78;1643;0;60.35;21.23;27.44;69.84;21.23;28.34
1;26;110;2;78;801;0;60.35;21.23;27.44;69.84;21.23;28.34
1;26;115;0;79;257;0;60.87;21.23;28.38;69.84;21.23;28.34
1;26;120;0;81;255;0;61.68;21.23;28.38;69.84;21.23;28.34
1;26;80;0;77;299;0;62.02;21.23;28.38;69.86;21.23;28.34
1;26;85;2;78;1227;0;61.78;21.23;28.38;69.84;21.23;28.34
1;26;90;0;79;244;0;62.6;21.23;28.38;69.84;21.23;28.34
1;26;95;2;78;2008;0;62.6;21.23;28.38;69.84;21.23;28.34
1;27;100;2;78;1553;0;62.6;21.23;28.38;71.01;21.23;28.38
1;27;105;0;80;329;0;62.7;21.23;28.43;70.98;21.23;28.38
1;27;110;0;80;228;0;63.39;21.23;28.43;70.97;21.23;28.38
1;27;115;0;91;262;0;62.81;21.23;28.43;70.97;21.23;28.38
1;27;120;0;88;231;0;63.39;21.23;28.43;70.97;21.23;28.38
1;27;80;0;82;267;0;63.22;21.23;28.43;70.98;21.23;28.38
1;27;85;0;81;416;0;63.24;21.23;28.43;70.97;21.23;28.38
1;27;90;0;79;357;0;62.44;21.23;28.43;70.97;21.23;28.38
1;27;95;0;79;234;0;62.51;21.23;28.43;70.98;21.23;28.38
1;28;100;0;80;298;0;63.52;21.23;28.43;72.12;21.23;28.38
1;28;105;0;80;339;0;62.99;21.23;28.43;72.08;21.23;28.38
1;28;110;0;80;241;0;63.16;21.23;28.43;72.08;21.23;28.38
1;28;115;0;80;237;0;64.84;21.23;28.43;72.08;21.23;28.38
1;28;120;0;76;503;0;62.66;21.23;28.43;72.08;21.23;28.38
1;28;80;0;80;306;0;62.87;21.23;28.43;72.09;21.23;28.38
1;28;85;0;79;223;0;64.32;21.23;28.43;72.08;21.23;28.38
1;28;90;0;81;220;0;63.42;21.23;28.43;72.08;21.23;28.38
1;28;95;0;80;228;0;64.78;21.23;28.43;72.08;21.23;28.38
1;29;100;0;76;235;0;64.36;21.23;28.43;73.24;21.23;28.38
1;29;105;2;77;212;0;64.36;21.23;28.43;73.2;21.23;28.38
1;29;110;0;77;268;0;64.19;21.23;28.43;73.19;21.23;28.38
1;29;115;2;79;1281;0;63.73;21.23;28.43;73.19;21.23;28.38
1;29;120;2;80;1133;0;65.24;21.23;28.43;73.19;21.23;28.38
1;29;80;0;77;484;0;63.98;21.23;28.43;73.2;21.23;28.38
1;29;85;0;77;448;0;64.97;21.23;28.43;73.19;21.23;28.38
1;29;90;2;77;919;0;65.02;21.23;28.43;73.19;21.23;28.38
1;29;95;0;77;214;0;65.48;21.23;28.43;73.2;21.23;28.38
1;30;100;0;78;408;0;66.24;21.23;28.38;74.5;21.23;28.34
1;30;105;0;80;245;0;65.37;21.23;28.38;74.46;21.23;28.34
1;30;110;2;81;2053;0;65.37;21.23;28.38;74.45;21.23;28.34
1;30;115;0;78;234;0;66;21.23;28.38;74.46;21.23;28.34
1;30;120;0;82;370;0;66.15;21.23;28.38;74.46;21.23;28.34
1;30;80;0;79;246;0;65.46;21.23;28.38;74.48;21.23;28.34
1;30;85;2;78;1384;0;66.41;21.23;28.38;74.46;21.23;28.34
1;30;90;2;77;1650;0;66.41;21.23;28.38;74.46;21.23;28.34
1;30;95;0;76;226;0;65.31;21.23;28.38;74.46;21.23;28.34
1;31;100;0;82;317;0;66.51;21.23;28.43;75.81;21.23;28.38
1;31;105;0;80;232;0;66.36;21.23;28.43;75.78;21.23;28.38
1;31;110;0;81;251;0;66.55;21.23;28.43;75.77;21.23;28.38
1;31;115;0;81;249;0;66.77;21.23;28.43;75.77;21.23;28.38
1;31;120;2;81;1251;0;66.95;21.23;28.43;75.77;21.23;28.38
1;31;80;0;77;242;0;66.17;21.23;28.43;75.78;21.23;28.38
1;31;85;2;78;1678;0;66.17;21.23;28.43;75.77;21.23;28.38
1;31;90;0;77;276;0;66.57;21.23;28.43;75.77;21.23;28.38
1;31;95;0;79;225;0;67.59;21.23;28.43;75.77;21.23;28.38
1;32;100;0;79;235;0;67.77;21.23;28.43;76.92;21.23;28.38
1;32;105;0;80;272;0;67.56;21.23;28.43;76.88;21.23;28.38
1;32;110;0;80;236;0;66.73;21.23;28.43;76.87;21.23;28.38
1;32;115;0;78;245;0;67.56;21.23;28.43;76.88;21.23;28.38
1;32;120;0;80;260;0;67.84;21.23;28.43;76.88;21.23;28.38
1;32;80;0;81;286;0;68;21.23;28.43;76.9;21.23;28.38
1;32;85;2;80;1235;0;67.18;21.23;28.43;76.87;21.23;28.38
1;32;90;0;81;311;0;67.67;21.23;28.43;76.88;21.23;28.38
1;32;95;0;80;275;0;67.13;21.23;28.43;76.88;21.23;28.38
1;33;100;0;83;305;0;69.1;21.23;28.52;78.04;21.23;28.48
1;33;105;0;84;270;0;68.2;21.23;28.52;78;21.23;28.48
1;33;110;0;85;278;0;67.52;21.23;28.52;78;21.23;28.48
1;33;115;0;80;467;0;67.6;21.23;28.52;78;21.23;28.48
1;33;120;2;81;939;0;67.32;21.23;28.52;78;21.23;28.48
1;33;80;0;88;465;0;68.18;21.23;28.52;78.01;21.23;28.48
1;33;85;0;84;285;0;67.8;21.23;28.52;78;21.23;28.48
1;33;90;0;83;272;0;69.65;21.23;28.52;78;21.23;28.48
1;33;95;0;83;269;0;68.78;21.23;28.52;78;21.23;28.48
1;34;100;0;82;249;0;69.77;21.23;28.52;79.2;21.23;28.48
1;34;105;0;81;238;0;71.01;21.23;28.52;79.17;21.23;28.48
1;34;110;0;82;248;0;69.61;21.23;28.52;79.16;21.23;28.48
1;34;115;2;82;1125;0;69.54;21.23;28.52;79.16;21.23;28.48
1;34;120;0;81;265;0;67.86;21.23;28.52;79.16;21.23;28.48
1;34;80;2;81;1229;0;68.99;21.23;28.52;79.17;21.23;28.48
1;34;85;0;81;255;0;69.38;21.23;28.52;79.16;21.23;28.48
1;34;90;0;94;291;0;68.75;21.23;28.52;79.16;21.23;28.48
1;34;95;0;81;245;0;69.92;21.23;28.52;79.16;21.23;28.48
1;35;100;0;81;281;0;71.67;26.54;28.52;82.47;26.54;28.48
1;35;105;0;81;327;0;70.97;26.54;28.52;82.44;26.54;28.48
1;35;110;0;78;277;0;70.69;26.54;28.52;82.43;26.54;28.48
1;35;115;2;79;446;0;70.69;26.54;28.52;82.43;26.54;28.48
1;35;120;2;81;1295;0;72.18;26.54;28.52;82.43;26.54;28.48
1;35;80;2;76;1266;0;71.1;26.54;28.52;82.44;26.54;28.48
1;35;85;2;79;1623;0;71.1;26.54;28.52;82.43;26.54;28.48
1;35;90;2;78;1805;0;71.1;26.54;28.52;82.43;26.54;28.48
1;35;95;0;79;394;0;71.92;26.54;28.52;82.44;26.54;28.48
1;36;100;2;81;1181;0;71.77;26.54;28.48;83.72;26.54;28.43
1;36;105;0;77;352;0;71.18;26.54;28.48;83.69;26.54;28.43
1;36;110;0;79;255;0;70.77;26.54;28.48;83.68;26.54;28.43
1;36;115;0;80;302;0;70.61;26.54;28.48;83.68;26.54;28.43
1;36;120;0;80;562;0;71.3;26.54;28.48;83.68;26.54;28.43
1;36;80;0;80;275;0;72.46;26.54;28.48;83.71;26.54;28.43
1;36;85;0;78;428;0;72.41;26.54;28.48;83.68;26.54;28.43
1;36;90;0;77;242;0;72.4;26.54;28.48;83.68;26.54;28.43
1;36;95;0;77;245;0;72.72;26.54;28.48;83.69;26.54;28.43
1;37;100;0;79;249;0;73.58;26.54;28.52;85.09;26.54;28.48
1;37;105;0;80;250;0;72.65;26.54;28.52;85.05;26.54;28.48
1;37;110;0;80;255;0;73.19;26.54;28.52;85.04;26.54;28.48
1;37;115;0;79;266;0;72.71;26.54;28.52;85.05;26.54;28.48
1;37;120;0;82;264;0;72.84;26.54;28.52;85.05;26.54;28.48
1;37;80;2;78;1154;0;72.21;26.54;28.52;85.07;26.54;28.48
1;37;85;2;80;1332;0;72.77;26.54;28.52;85.05;26.54;28.48
1;37;90;2;84;784;0;73.03;26.54;28.52;85.05;26.54;28.48
1;37;95;0;81;422;0;71.76;26.54;28.52;85.05;26.54;28.48
1;38;100;2;80;397;0;73;26.54;28.62;86.39;26.54;28.57
1;38;105;0;80;314;0;73.47;26.54;28.62;86.35;26.54;28.57
1;38;110;2;82;1186;0;74.28;26.54;28.62;86.35;26.54;28.57
1;38;115;0;80;274;0;72.02;26.54;28.62;86.35;26.54;28.57
1;38;120;0;77;285;0;71.82;26.54;28.62;86.35;26.54;28.57
1;38;80;0;81;273;0;73.78;26.54;28.62;86.38;26.54;28.57
1;38;85;0;79;274;0;72.99;26.54;28.62;86.35;26.54;28.57
1;38;90;0;81;358;0;73.27;26.54;28.62;86.35;26.54;28.57
1;38;95;0;80;261;0;73.8;26.54;28.62;86.35;26.54;28.57
1;39;100;0;80;264;0;75.02;26.54;28.67;87.77;26.54;28.62
1;39;105;0;84;342;0;74.38;26.54;28.67;87.74;26.54;28.62
1;39;110;0;79;293;0;74.46;26.54;28.67;87.73;26.54;28.62
1;39;115;0;80;289;0;74.4;26.54;28.67;87.73;26.54;28.62
1;39;120;2;79;202;0;74.08;26.54;28.67;87.73;26.54;28.62
1;39;80;0;86;350;0;74.19;26.54;28.67;87.76;26.54;28.62
1;39;85;2;79;732;0;74.19;26.54;28.67;87.73;26.54;28.62
1;39;90;0;80;526;0;75.04;26.54;28.67;87.73;26.54;28.62
1;39;95;0;81;370;0;74.92;26.54;28.67;87.73;26.54;28.62
1;40;100;2;77;777;0;74.92;26.54;28.67;89.05;26.54;28.62
1;40;110;0;81;308;0;75.7;26.54;28.67;89.01;26.54;28.62
1;40;115;2;82;1184;0;74.23;26.54;28.67;89.01;26.54;28.62
1;40;120;0;82;343;0;75.76;26.54;28.67;89.01;26.54;28.62
1;40;80;0;76;255;0;75.59;26.54;28.67;89.04;26.54;28.62
1;40;85;0;76;261;0;75.31;26.54;28.67;89.01;26.54;28.62
1;40;90;0;77;367;0;75.1;26.54;28.67;89.01;26.54;28.62
1;40;95;0;76;277;0;75.26;26.54;28.67;89.01;26.54;28.62
1;41;100;0;97;317;0;76.41;26.54;28.71;90.38;26.54;28.67
1;41;105;0;83;634;0;76.34;26.54;28.71;90.35;26.54;28.67
1;41;110;2;82;1390;0;76.18;26.54;28.71;90.34;26.54;28.67
1;41;115;2;81;1570;0;76.18;26.54;28.71;90.34;26.54;28.67
1;41;120;2;87;1369;0;74.98;26.54;28.71;90.34;26.54;28.67
1;41;80;2;79;1840;0;74.98;26.54;28.71;90.37;26.54;28.67
1;41;85;0;78;403;0;76.51;26.54;28.71;90.34;26.54;28.67
1;41;90;0;81;288;0;77.78;26.54;28.71;90.34;26.54;28.67
1;41;95;2;90;1144;0;77.78;26.54;28.71;90.34;26.54;28.67
1;42;100;2;86;1458;0;77.78;26.54;28.71;93.35;47.77;28.57
1;42;105;2;87;1518;0;77.78;26.54;28.71;93.31;47.77;28.57
1;42;110;2;88;2089;0;77.78;26.54;28.71;93.31;47.77;28.57
1;42;115;2;86;945;0;77.78;26.54;28.71;93.31;47.77;28.57
1;42;120;2;86;1365;0;77.32;47.77;28.62;93.31;47.77;28.57
1;42;80;2;85;1056;0;76.75;47.77;28.62;93.33;47.77;28.57
1;42;85;2;87;1305;0;76.78;47.77;28.62;93.31;47.77;28.57
1;42;90;2;88;285;0;76.78;47.77;28.62;93.31;47.77;28.57
1;42;95;2;88;1214;0;77.26;47.77;28.62;93.31;47.77;28.57
1;43;115;2;82;1696;0;77.26;47.77;28.62;94.65;47.77;28.62
1;43;120;2;80;1220;0;77.57;47.77;28.67;94.65;47.77;28.62
1;44;100;0;88;311;0;79.63;47.77;29.14;95.97;47.77;29.09
1;44;105;2;88;1667;0;79.63;47.77;29.14;95.94;47.77;29.09
1;44;110;2;89;818;0;79.63;47.77;29.14;95.93;47.77;29.09
1;44;115;2;88;1493;0;79.63;47.77;29.14;95.93;47.77;29.09
1;44;120;2;86;876;0;79.63;47.77;29.14;95.93;47.77;29.09
1;44;80;2;81;1995;0;79.63;47.77;29.14;95.96;47.77;29.09
1;44;85;0;80;382;0;78.3;47.77;29.14;95.93;47.77;29.09
1;44;90;2;94;467;0;78.3;47.77;29.14;95.93;47.77;29.09
1;44;95;2;88;1760;0;78.3;47.77;29.14;95.93;47.77;29.09
1;45;100;2;90;1068;0;79.03;47.77;29.14;97.3;47.77;29.09
1;45;105;2;81;1360;0;79.03;47.77;29.14;97.26;47.77;29.09
1;45;110;2;87;1074;0;80.64;47.77;29.14;97.26;47.77;29.09
1;45;115;2;87;429;0;80.64;47.77;29.14;97.26;47.77;29.09
1;45;120;2;83;1027;0;79.45;47.77;29.14;97.26;47.77;29.09
1;45;80;2;87;2161;0;79.45;47.77;29.14;97.29;47.77;29.09
1;45;85;2;86;1412;0;79.45;47.77;29.14;97.26;47.77;29.09
1;45;90;2;87;1750;0;79.04;47.77;29.14;97.26;47.77;29.09
1;46;100;2;83;1531;0;79.04;47.77;29.14;98.63;47.77;29.04
1;46;105;2;85;1079;0;81.06;47.77;29.09;98.59;47.77;29.04
1;46;110;2;80;1302;0;81.06;47.77;29.09;98.59;47.77;29.04
1;46;115;2;78;1628;0;81.06;47.77;29.09;98.59;47.77;29.04
1;46;120;2;81;1349;0;79.2;47.77;29.09;98.59;47.77;29.04
1;46;80;2;85;1701;0;79.2;47.77;29.09;98.62;47.77;29.04
1;46;85;2;80;1574;0;80.12;47.77;29.09;98.59;47.77;29.04
1;46;90;2;83;1901;0;80.12;47.77;29.09;98.59;47.77;29.04
1;46;95;2;82;1231;0;79.86;47.77;29.09;98.59;47.77;29.04
1;47;100;2;80;1744;0;79.86;47.77;29.09;100.05;47.77;29.09
1;47;105;2;80;1846;0;79.86;47.77;29.09;100.01;47.77;29.09
1;47;110;2;83;1695;0;79.86;47.77;29.09;100.01;47.77;29.09
1;47;115;2;86;1589;0;82.62;47.77;29.14;100.01;47.77;29.09
1;47;120;2;89;198;0;82.62;47.77;29.14;107.58;53.08;29.37
1;47;80;2;81;1786;0;82.62;47.77;29.14;100.02;47.77;29.09
1;47;85;2;81;1668;0;82.62;47.77;29.14;100.01;47.77;29.09
1;47;90;2;81;234;0;82.62;47.77;29.14;100.01;47.77;29.09
1;47;95;2;86;1416;0;82.62;47.77;29.14;100.01;47.77;29.09
1;48;100;2;88;1188;0;82.62;47.77;29.14;101.37;47.77;29.09
1;48;105;2;83;1325;0;82.62;47.77;29.14;101.33;47.77;29.09
1;48;110;2;88;1890;0;82.62;47.77;29.14;101.32;47.77;29.09
1;48;115;2;87;355;0;82.66;47.77;29.14;101.32;47.77;29.09
1;48;120;2;86;1378;0;83.09;47.77;29.14;101.32;47.77;29.09
1;48;80;2;86;1795;0;81.7;47.77;29.14;101.35;47.77;29.09
1;48;85;2;83;1977;0;81.7;47.77;29.14;101.32;47.77;29.09
1;48;90;2;83;658;0;81.7;47.77;29.14;101.32;47.77;29.09
1;48;95;2;82;1985;0;81.7;47.77;29.14;101.33;47.77;29.09
1;49;100;2;88;1132;0;81.7;47.77;29.14;102.76;47.77;29.14
1;49;105;2;89;1176;0;82.77;47.77;29.18;102.72;47.77;29.14
1;49;110;2;87;1856;0;82.77;47.77;29.18;102.71;47.77;29.14
1;49;115;2;82;2089;0;82.77;47.77;29.18;102.71;47.77;29.14
1;49;120;2;87;1453;0;82.39;47.77;29.18;102.71;47.77;29.14
1;49;80;2;87;2174;0;82.39;47.77;29.18;102.72;47.77;29.14
1;49;85;2;86;579;0;82.39;47.77;29.18;102.71;47.77;29.14
1;49;90;2;83;1250;0;81.68;47.77;29.18;102.71;47.77;29.14
1;49;95;2;86;1393;0;82.65;47.77;29.18;102.72;47.77;29.14
1;50;100;2;91;1645;0;84.58;47.77;29.28;104.11;47.77;29.23
1;50;105;2;85;2210;0;84.58;47.77;29.28;104.07;47.77;29.23
1;50;110;2;84;1646;0;84.58;47.77;29.28;104.06;47.77;29.23
1;50;115;2;90;513;0;84.58;47.77;29.28;104.07;47.77;29.23
1;50;120;2;85;1181;0;83.97;47.77;29.28;104.07;47.77;29.23
1;50;80;2;81;634;0;83.97;47.77;29.28;104.08;47.77;29.23
1;50;85;0;83;338;0;82.97;47.77;29.28;104.07;47.77;29.23
1;50;90;2;97;1353;0;82.97;47.77;29.28;104.07;47.77;29.23
1;50;95;2;83;1158;0;82.97;47.77;29.28;104.07;47.77;29.23
1;51;100;2;83;1606;0;82.97;47.77;29.28;105.56;47.77;29.23
1;51;105;2;85;1627;0;82.97;47.77;29.28;105.52;47.77;29.23
1;51;110;2;82;2065;0;82.97;47.77;29.28;105.51;47.77;29.23
1;51;115;0;84;361;0;84.05;47.77;29.28;105.51;47.77;29.23
1;51;120;2;85;1262;0;84.46;47.77;29.28;105.51;47.77;29.23
1;51;80;2;89;2030;0;84.46;47.77;29.28;105.54;47.77;29.23
1;51;85;2;90;1646;0;84.46;47.77;29.28;105.51;47.77;29.23
1;51;90;2;86;1619;0;84.46;47.77;29.28;105.51;47.77;29.23
1;51;95;2;87;560;0;84.46;47.77;29.28;105.52;47.77;29.23
1;52;100;2;90;1851;0;84.46;47.77;29.28;108.33;53.08;29.28
1;52;105;2;83;1797;0;84.46;47.77;29.28;108.29;53.08;29.28
1;52;110;2;91;332;0;84.46;47.77;29.28;108.28;53.08;29.28
1;52;115;2;89;1929;0;84.46;47.77;29.28;108.28;53.08;29.28
1;52;120;2;86;1803;0;84.46;47.77;29.28;108.28;53.08;29.28
1;52;80;2;84;1912;0;84.46;47.77;29.28;108.29;53.08;29.28
1;52;85;2;88;1820;0;84.46;47.77;29.28;108.28;53.08;29.28
1;52;90;2;85;623;0;84.46;47.77;29.28;108.28;53.08;29.28
1;52;95;2;86;1875;0;84.46;47.77;29.28;108.29;53.08;29.28
1;53;100;2;85;1707;0;84.46;47.77;29.28;107.62;53.08;29.37
1;53;105;2;88;1336;0;84.46;47.77;29.28;107.59;53.08;29.37
1;53;110;2;81;1117;0;83.94;53.08;29.42;107.58;53.08;29.37
1;53;115;2;88;1812;0;83.94;53.08;29.42;107.58;53.08;29.37
1;53;120;2;89;184;0;83.94;53.08;29.42;107.58;53.08;29.37
1;53;80;2;81;1527;0;85.89;53.08;29.42;107.59;53.08;29.37
1;53;85;2;81;286;0;85.93;53.08;29.42;107.58;53.08;29.37
1;53;90;2;94;2058;0;85.93;53.08;29.42;107.58;53.08;29.37
1;53;95;2;85;1552;0;85.93;53.08;29.42;107.58;53.08;29.37
1;6;100;0;75;198;0;38.78;5.31;26.46;44.58;5.31;26.41
1;6;105;2;71;1308;0;38.78;5.31;26.46;44.55;5.31;26.41
1;6;110;0;73;171;0;39.66;5.31;26.46;44.54;5.31;26.41
1;6;115;2;73;945;0;39.66;5.31;26.46;44.54;5.31;26.41
1;6;120;0;72;293;0;39.2;5.31;26.46;44.54;5.31;26.41
1;6;80;0;77;218;0;39.72;5.31;26.46;44.55;5.31;26.41
1;6;85;0;77;175;0;39.61;5.31;26.46;44.54;5.31;26.41
1;6;90;2;71;1119;0;39.61;5.31;26.46;44.52;5.31;26.41
1;6;95;0;72;183;0;39.38;5.31;26.46;44.53;5.31;26.41
1;7;100;0;74;157;0;40.22;5.31;26.55;45.58;5.31;26.5
1;7;105;0;75;176;0;40.11;5.31;26.55;45.56;5.31;26.5
1;7;110;0;74;161;0;40.7;5.31;26.55;45.55;5.31;26.5
1;7;115;0;76;173;0;40.86;5.31;26.55;45.55;5.31;26.5
1;7;120;2;74;1838;0;40.86;5.31;26.55;45.55;5.31;26.5
1;7;80;2;74;1853;0;40.86;5.31;26.55;45.56;5.31;26.5
1;7;85;2;73;1667;0;40.86;5.31;26.55;45.53;5.31;26.5
1;7;90;2;73;1913;0;40.86;5.31;26.55;45.54;5.31;26.5
1;7;95;0;73;157;0;39.97;5.31;26.55;45.56;5.31;26.5
1;8;100;0;73;268;0;41.32;5.31;26.93;46.39;5.31;26.88
1;8;105;0;75;170;0;41.5;5.31;26.93;46.35;5.31;26.88
1;8;110;0;74;207;0;41.45;5.31;26.93;46.36;5.31;26.88
1;8;115;0;74;182;0;41.11;5.31;26.93;46.36;5.31;26.88
1;8;120;2;74;1387;0;41.17;5.31;26.93;46.36;5.31;26.88
1;8;80;0;73;165;0;41.53;5.31;26.93;46.37;5.31;26.88
1;8;85;0;73;209;0;41.13;5.31;26.93;46.34;5.31;26.88
1;8;90;0;73;167;0;41.69;5.31;26.93;46.35;5.31;26.88
1;8;95;0;76;333;0;41.21;5.31;26.93;46.35;5.31;26.88
1;9;100;2;73;1020;0;41.64;5.31;26.93;47.29;5.31;26.88
1;9;105;2;73;1119;0;41.43;5.31;26.93;47.24;5.31;26.88
1;9;110;0;74;208;0;41.93;5.31;26.93;47.25;5.31;26.88
1;9;115;2;75;1283;0;41.61;5.31;26.93;47.25;5.31;26.88
1;9;120;0;73;166;0;43.27;5.31;26.93;47.25;5.31;26.88
1;9;80;2;72;1413;0;43.27;5.31;26.93;47.26;5.31;26.88
1;9;85;2;73;131;0;43.27;5.31;26.93;47.25;5.31;26.88
1;9;90;2;74;1396;0;43.27;5.31;26.93;47.25;5.31;26.88
1;9;95;2;74;1190;0;41.9;5.31;26.93;47.24;5.31;26.88
